Code,Occupation,Category,Description,Examples,SOC code,Added in final rule
101,Bartenders,Beverage and Food Service,"Mix and serve drinks or other refreshments to patrons, directly or through waitstaff","Barkeep, mixologist, taproom attendant, sommelier",35-3011,no
102,Wait Staff,Beverage and Food Service,Take orders and serve food and beverages to patrons at tables in dining establishments or at catered events,"Cocktail waitress, dining car server, banquet staff",35-3031,no
103,"Food or Beverage Servers, Non-restaurant",Beverage and Food Service,"Serve food or beverages to individuals outside of a restaurant environment, such as in hotel rooms, residential care facilities, or cars","Room service food server, boat hop, beer cart server",35-3041,no
104,Dining Room and Cafeteria Attendants and Bartender Helpers,Beverage and Food Service,"Facilitate food service. Clean tables; remove dirty dishes; replace soiled table linens; set tables; replenish supply of clean linens, silverware, glassware, and dishes; supply service bar with food; and serve items such as water, condiments, and coffee to patrons","Bar back, bar helper, busser",35-9011,no
105,Chefs and Cooks,Beverage and Food Service,"Direct and may participate in the preparation, seasoning, and cooking of salads, soups, fish, meats, vegetables, desserts, or other foods","Executive chef, pastry chef, sous chef, fast food cook, private chef, restaurant cook, saucier, food truck cook, banquet cook, caterer, chocolatier, confectioner","35-1011, 35-2011, 35-2013, 35-2014, 35-2019",no
106,Food Preparation Workers,Beverage and Food Service,"Perform a variety of food preparation duties other than cooking, such as preparing cold foods and shellfish, slicing meat, and brewing coffee or tea","Salad maker, sandwich maker, fruit and vegetable parer, kitchen steward","35-1012, 35-2021, 35-9099",no
107,Fast Food and Counter Workers,Beverage and Food Service,Serve customers at counter or from a steam table. Perform duties such as taking orders and serving food and beverages. May take payment. May prepare food and beverages,"Barista, ice cream server, cafeteria server",35-3023,no
108,Dishwashers,Beverage and Food Service,"Clean dishes, kitchen, food preparation equipment, or utensils","Dish room worker, silverware cleaner",35-9021,no
109,"Host Staff, Restaurant, Lounge, and Coffee Shop",Beverage and Food Service,"Welcome patrons, seat them at tables or in lounge, and help ensure quality of facilities and service","Maître d'hôtel, dining room host",35-9031,no
110,Bakers,Beverage and Food Service,"Mix and bake ingredients to produce breads, rolls, cookies, cakes, pies, pastries, or other baked goods","Bread baker, cake baker, bagel baker, pastry finisher",51-3011,no
201,Gambling Dealers,Entertainment and Events,Operate gambling games. Stand or sit behind table and operate games of chance by dispensing the appropriate number of cards or blocks to players or operating other gambling equipment. Distribute winnings or collect players' money or chips. May compare the house's hand against players' hands,"Blackjack dealer, craps dealer, poker dealer, roulette dealer, pit clerk","39-3011, 39-1013",no
202,Gambling Change Persons and Booth Cashiers,Entertainment and Events,"Exchange coins, tokens, and chips for patrons' money. May issue payoffs and obtain customer's signature on receipt. May operate a booth in the slot machine area and furnish change persons with money bank at the start of the shift, or count and audit money in drawers","Slot attendant, mutuel teller",41-2012,no
203,Gambling Cage Workers,Entertainment and Events,"In a gambling establishment, conduct financial transactions for patrons. Accept patron's credit application and verify credit references to provide check-cashing authorization or to establish house credit accounts. May reconcile daily summaries of transactions to balance books. May sell gambling chips, tokens, or tickets to patrons, or to other workers for resale to patrons. May convert gambling chips, tokens, or tickets to currency upon patron's request. May use a cash register or computer to record transaction","Casino cashier, cage cashier",43-3041,no
204,Gambling and Sports Book Writers and Runners,Entertainment and Events,"Post information enabling patrons to wager on various races and sporting events. Assist in the operation of games such as keno and bingo. May operate random number-generating equipment and announce the numbers for patrons. Receive, verify, and record patrons' wagers. Scan and process winning tickets presented by patrons and pay out winnings for those wagers","Betting runner, bingo worker, keno runner, race book writer",39-3012,no
205,Dancers,Entertainment and Events,Perform dances,"Club dancer, dance artist",27-2031,no
206,Musicians and Singers,Entertainment and Events,Play one or more musical instruments or sing,"Instrumentalist, accompanist, lounge singer",27-2042,no
207,"Disc Jockeys, Except Radio",Entertainment and Events,"Play prerecorded music for live audiences at venues or events such as clubs, parties, or wedding receptions. May use techniques such as mixing, cutting, or sampling to manipulate recordings. May also perform as emcee (master of ceremonies)","Deejay, club DJ",27-2091,no
208,Entertainers and Performers,Entertainment and Events,Entertain audiences with artistic expression,"Comedian, clown, magician, street performer",27-2099,no
209,Digital Content Creators,Entertainment and Events,"Produce and publish on digital platforms original entertainment and personality-driven content, such as live streams, short-form videos, or podcasts","Streamer, online video creator, social media influencer, podcaster",27-2099,no
210,"Ushers, Lobby Attendants, and Ticket Takers",Entertainment and Events,"Assist patrons at entertainment events by performing duties, such as collecting admission tickets and passes from patrons, assisting in finding seats, searching for lost articles, and helping patrons locate such facilities as restrooms and telephones","Ticket collector, theater usher",39-3031,no
211,"Locker Room, Coatroom, and Dressing Room Attendants",Entertainment and Events,"Provide personal items to patrons or customers in locker rooms, dressing rooms, or coatrooms","Coat checker, washroom attendant, bathhouse attendant",39-3093,no
301,Baggage Porters and Bellhops,Hospitality and Guest Services,Handle baggage for travelers at transportation terminals or for guests at hotels or similar establishments,"Hotel baggage handler, curbside airport check-in assistant, doorman",39-6011,no
302,Concierges,Hospitality and Guest Services,"Assist patrons at hotels or apartment buildings with personal services. May take messages; arrange or give advice on transportation, business services, or entertainment; or monitor guest requests for housekeeping and maintenance","Hotel guest service agent, activities concierge",39-6012,no
303,"Hotel, Motel, and Resort Desk Clerks",Hospitality and Guest Services,"Accommodate hotel, motel, and resort patrons by registering and assigning rooms to guests, issuing room keys or cards, transmitting and receiving messages, keeping records of occupied rooms and guests' accounts, making and confirming reservations, and presenting statements to and collecting payments from departing guests","Front desk clerk, registration clerk",43-4081,no
304,Maids and Housekeeping Cleaners,Hospitality and Guest Services,"Perform any combination of light cleaning duties to maintain commercial establishments, such as hotels, in a clean and orderly manner. Duties may include making beds, replenishing linens, cleaning rooms and halls, and vacuuming","Hotel maid, housekeeping staff",37-2012,no
401,Home Maintenance and Repair Workers,Home Services,"Perform work to keep machines, mechanical equipment, or the structure of a building in repair. May maintain and repair musical instruments, furniture, antiques, and non-fixtures","Handyman, roofer, window repairer, house painter (interior or exterior), flooring installer, piano tuner, furniture restorer, antique repairer","49-9071, 49-9098, 49-9099, 49-9063, 49-2097, 51-7021",no
402,Home Landscaping and Groundskeeping Workers,Home Services,"Landscape or maintain grounds of property using hand or power tools or equipment. Workers typically perform a variety of tasks, which may include any combination of the following: sod laying, mowing, trimming, planting, watering, fertilizing, digging, raking, sprinkler installation, and installation of mortarless segmental concrete masonry wall units","Lawn mower, gardener, tree trimmer, weed sprayer",37-3011,no
403,Home Electricians,Home Services,"Install, maintain, and repair electrical wiring, equipment, and fixtures. Ensure that work is in accordance with relevant codes. May install or service exterior lights, intercom systems, or electrical control systems",Electrician,47-2111,no
404,Home Plumbers,Home Services,"Assemble, install, alter, and repair pipelines or pipe systems that carry water, steam, air, or other liquids or gases. May install heating and cooling equipment and mechanical control systems","Plumber, pipefitter, steamfitter, sprinkler installer",47-2152,no
405,Home Heating and Air Conditioning Mechanics and Installers,Home Services,"Install or repair heating, central air conditioning, HVAC, or refrigeration systems, including oil burners, hot-air furnaces, and heating stoves","Air conditioning repairer, heating system installer, chimney sweep",49-9021,no
406,Home Appliance Installers and Repairers,Home Services,"Repair, adjust, or install all types of electric or gas household appliances, such as refrigerators, washers, dryers, and ovens","Washing machine installer, dishwasher repairer",49-9031,no
407,Home Cleaning Service Workers,Home Services,"Perform any combination of light cleaning duties to maintain private households in a clean and orderly manner. Duties may include making beds, replenishing linens, cleaning rooms and halls, and vacuuming","House cleaner, pool cleaner, carpet cleaner, window washer",37-2012,no
408,Locksmiths,Home Services,"Repair and open locks, make keys, change locks and safe combinations, and install and repair safes","Safe installer, key maker",49-9094,no
409,Roadside Assistance Workers,Home Services,Provide on-road assistance to drivers whose vehicles have broken down,"Tow truck driver, car battery technician, tire repairer, tire changer, car fuel deliverer","49-3023, 53-3032",no
501,Personal Care and Service Workers,Personal Services,"Provide personalized assistance to individuals with disabilities or illness who require help with personal care and activities of daily living support (for example, feeding, bathing, dressing, grooming, toileting, and ambulation). May also provide help with tasks such as preparing meals, doing light housekeeping, and doing laundry. Work is performed in various settings depending on the needs of the care recipient and may include locations such as their home, place of work, out in the community, at a daytime nonresidential facility, or a residential facility","Elderly companion, personal care aide, butler, house sitter, personal valet","31-1122, 39-9099",no
502,Private Event Planners,Personal Services,Coordinate activities of staff or clients to make arrangements for private events. May provide creative design for décor and invitations,"Wedding planner, party planner",13-1121,no
503,Private Event and Portrait Photographers,Personal Services,"Photograph people, landscapes, or other subjects. May use lighting equipment to enhance a subject's appearance. May use editing software to produce finished images and prints","Wedding photographer, headshot photographer",27-4021,no
504,Private Event Videographers,Personal Services,Operate video or film camera to record images or scenes of private events,Wedding videographer,27-4031,no
505,Event Officiants,Personal Services,Lead and facilitate the ceremony for life events such as weddings or funerals. Ceremonies may be religious or civil services,"Wedding officiant, funeral celebrant, clergy, vow renewal officiant",21-2011,no
506,Pet and Show Animal Caretakers,Personal Services,"Feed, water, groom, bathe, exercise, or otherwise provide care to promote and maintain the well-being of pets or show animals","Pet groomer, pet sitter, pet walker, kennel worker, pet trainer, horse groomer",39-2021,no
507,Tutors,Personal Services,Instruct individual students or small groups of students in academic subjects to supplement formal class instruction or to prepare students for standardized or admissions tests. May provide instruction in person or remotely,"Reading tutor, math tutor, language tutor",25-3041,no
508,Nannies and Babysitters,Personal Services,"Attend to children at businesses and private households. Perform a variety of tasks, such as dressing, feeding, bathing, and overseeing play","Au pair, child sitter at hotels and gyms",39-9011,no
509,Visual Artists,Personal Services,Create original visual artwork using any of a wide variety of media and techniques,"Ice sculptor, caricature sketch artist",27-1013,yes
510,Floral Designers,Personal Services,"Design, cut, and arrange live, dried, or artificial flowers and foliage","Corsage maker, florist, flower arranger, event florist",27-1023,yes
601,Skincare Specialists,Personal Appearance and Wellness,Provide skincare treatments to face and body to enhance an individual's appearance,"Facialist, electrologist, spa esthetician",39-5094,no
602,Massage Therapists,Personal Appearance and Wellness,Perform therapeutic massages of soft tissues and joints. May assist in the assessment of range of motion and muscle strength or propose client therapy plans,"Masseuse, deep tissue massage therapist, sports massage therapist",31-9011,no
603,"Barbers, Hairdressers, Hairstylists, and Cosmetologists",Personal Appearance and Wellness,"Provide beauty or barbering services, such as cutting, coloring, and styling hair, massaging and treating scalps, trimming beards or giving shaves","Wig stylist, beautician, hair colorist, hair cutter","39-5012, 39-5011",no
604,Shampooers,Personal Appearance and Wellness,Shampoo and rinse customers' hair,"Scalp treatment specialist, shampoo assistant",39-5093,no
605,Manicurists and Pedicurists,Personal Appearance and Wellness,Clean and shape customers' fingernails and toenails. May polish or decorate nails,"Nail technician, fingernail sculptor, nail painter",39-5092,no
606,Eyebrow and Eyelash Technicians,Personal Appearance and Wellness,"Enhance and maintain clients' eyebrows using techniques such as threading, waxing, or tweezing. Enhance clients' eyelashes using techniques such as tinting or applying extensions",Eyebrow waxer,39-5012,no
607,Makeup Artists,Personal Appearance and Wellness,Design and apply makeup looks,"Wedding makeup artist, party makeup artist",39-5091,no
608,Exercise Trainers and Group Fitness Instructors,Personal Appearance and Wellness,"Instruct or coach groups or individuals in exercise activities for the primary purpose of personal fitness. Demonstrate techniques and form, observe participants, and explain to them corrective measures necessary to improve their skills. Develop and implement individualized approaches to exercise","Aerobics trainer, yoga instructor, personal trainer",39-9031,no
609,Tattoo Artists and Piercers,Personal Appearance and Wellness,"Design and execute tattoos on a client's skin, often using a needle and ink. Create openings in the human body for the insertion of jewelry. May consult clients on aftercare to promote healing and prevent infection","Tattoo artist, ear piercer, nose piercer",27-1019,no
610,Tailors,Personal Appearance and Wellness,"Design, make, alter, repair, or fit garments","Tailor, seamstress, clothing alterations worker",51-6052,no
611,Shoe and Leather Workers and Repairers,Personal Appearance and Wellness,"Construct, decorate, or repair leather and leather-like products, such as luggage, shoes, and saddles. May use hand tools","Cobbler, shoe shiner",51-6041,no
701,Golf Caddies,Recreation and Instruction,"Assist a golfer during a round of golf by providing practical support and strategic advice. May carry the golfer's bag, manage their clubs, offer guidance on club selection or course strategy","Golf caddie, golf cart attendant",39-3091,no
702,Self-Enrichment Teachers,Recreation and Instruction,"Teach or instruct individuals or groups for the primary purpose of self-enrichment, rather than for an occupational objective, educational attainment, competition, or fitness","Knitting instructor, piano teacher, art instructor, dance teacher",25-3021,no
703,Recreational and Tour Pilots,Recreation and Instruction,"Pilot and navigate the flight of fixed-wing aircraft, helicopters, or other airborne vehicle for recreational or touring purposes. Excludes regional, national, and international airline pilots, and emergency services pilots","Helicopter tour pilot, hot air balloon aeronaut, skydiving pilot",53-2012,no
704,Tour Guides,Recreation and Instruction,"Guide individuals or groups on sightseeing tours or through places of interest, such as industrial establishments, public buildings, and art galleries","Museum guide, sightseeing guide",39-7011,no
705,Travel Guides,Recreation and Instruction,"Plan, organize, and conduct long-distance travel, tours, and expeditions for individuals and groups (covering both indoor and outdoor locations)","Cruise director, river expedition guide",39-7012,no
706,Sports and Recreation Instructors,Recreation and Instruction,"Teach or instruct individuals or groups for the primary purpose of recreation, rather than for an occupational objective, educational attainment, competition, or fitness","Diving instructor, ski instructor, tennis teacher, surfing instructor",25-3021,no
801,Parking and Valet Attendants,Transportation and Delivery,Park vehicles or issue tickets for customers in a parking lot or garage. May park or tend vehicles in environments such as a hotel or restaurant. May collect fee,"Parking garage attendant, valet parker",53-6021,no
802,Taxi and Rideshare Drivers and Chauffeurs,Transportation and Delivery,Drive a motor vehicle to transport passengers on a planned or unplanned basis,"Cab driver, personal driver, platform/app-based rideshare driver",53-3054,no
803,Shuttle Drivers,Transportation and Delivery,"Drive a motor vehicle to transport passengers on a planned route and scheduled basis. May collect a fare. Excludes taxi and rideshare drivers, chauffeurs, municipal bus drivers, and school bus drivers","Airport shuttle driver, hotel shuttle driver, rental car shuttle driver",53-3053,no
804,Goods Delivery People,Transportation and Delivery,"Drive truck or other vehicle to deliver goods, such as food products, appliances, or furniture, or pick up or deliver packages. May also take orders or collect payment at point of delivery","Pizza delivery driver, grocery delivery driver, floral delivery, bicycle courier, package delivery person, appliance delivery driver, furniture delivery person, app/platform-based delivery person",53-3031,no
805,Personal Vehicle and Equipment Cleaners,Transportation and Delivery,"Wash or otherwise clean personal vehicles, machinery, and other equipment. Use such materials as water, cleaning agents, brushes, cloths, and hoses","Car wash attendant, auto detailer, boat waxer",53-7061,no
806,Private and Charter Bus Drivers,Transportation and Delivery,Drive bus or motor coach for charters or private carriage. May assist passengers with baggage,"Motor coach bus driver, tour bus driver",53-3052,no
807,Water Taxi Operators and Charter Boat Workers,Transportation and Delivery,Operate water taxi boats or provide services to passengers on private charter boats. May assist in navigational activities,"Water taxi captain, air boat operator, charter boat deckhand, charter boat steward",53-5022,no
808,"Rickshaw, Pedicab, and Carriage Drivers",Transportation and Delivery,"Operate rickshaw, pedicab, or carriage to transport passengers","Horse drawn carriage driver, bike taxi driver",53-6099,no
809,Home Movers,Transportation and Delivery,"Manually move furniture, music instruments, art, antiques, boxes, luggage, or other materials to or from a home or dwelling","Furniture mover, packer, piano mover, art mover",53-7062,no
810,Gas Pump Attendant,Transportation and Delivery,"Pump gas for customers at a gas station. May also clean the windshield, check the oil level, or check the tire pressure of the customer's car in conjunction with the car being refueled",Gas pumper,53-6031,yes
